row_type,store,store_identifier,product_type,display_name,title,duration,territory,amount,currency,start_date,available,available_in_new_territories,locale,localized_name,localized_description,app_store_subscription_group_name,app_store_subscription_group_localized_name,app_store_subscription_group_custom_app_name,trial_offer_duration
product,app_store,credits_10,consumable,Starter - 10 Credits,Starter - 10 Credits,,,,,,,true,,,,,,,
price,app_store,credits_10,,,,,United States,1.99,USD,,true,,,,,,,,
localization,app_store,credits_10,,,,,,,,,,,en-US,Starter - 10 Credits,10 credits for video reveals and cosmetics.,,,,
product,app_store,credits_30,consumable,Standard - 30 Credits,Standard - 30 Credits,,,,,,,true,,,,,,,
price,app_store,credits_30,,,,,United States,4.99,USD,,true,,,,,,,,
localization,app_store,credits_30,,,,,,,,,,,en-US,Standard - 30 Credits,30 credits for video reveals and cosmetics.,,,,
product,app_store,credits_80,consumable,Big - 80 Credits,Big - 80 Credits,,,,,,,true,,,,,,,
price,app_store,credits_80,,,,,United States,9.99,USD,,true,,,,,,,,
localization,app_store,credits_80,,,,,,,,,,,en-US,Big - 80 Credits,80 credits for video reveals and cosmetics.,,,,
product,app_store,credits_200,consumable,Mega - 200 Credits,Mega - 200 Credits,,,,,,,true,,,,,,,
price,app_store,credits_200,,,,,United States,19.99,USD,,true,,,,,,,,
localization,app_store,credits_200,,,,,,,,,,,en-US,Mega - 200 Credits,200 credits for video reveals and cosmetics.,,,,
product,app_store,promptwars_plus_monthly,subscription,Prompt Wars+ Monthly,Prompt Wars+ Monthly,P1M,,,,,,true,,,,Prompt Wars+,,,
price,app_store,promptwars_plus_monthly,,,,,United States,9.99,USD,,true,,,,,,,,
localization,app_store,promptwars_plus_monthly,,,,,,,,,,,en-US,Prompt Wars+ Monthly,"Monthly video allowance, badge and cosmetics.",,,,
product,app_store,promptwars_plus_annual,subscription,Prompt Wars+ Annual,Prompt Wars+ Annual,P1Y,,,,,,true,,,,Prompt Wars+,,,
price,app_store,promptwars_plus_annual,,,,,United States,59.99,USD,,true,,,,,,,,
localization,app_store,promptwars_plus_annual,,,,,,,,,,,en-US,Prompt Wars+ Annual,"Monthly video allowance, badge and cosmetics.",,,,
